slug,nombre
3yqr,Extracto
fb8p,Sistemas
mmwz,Equipos
fg8c,Acido
4chm,Bombas
drhw,Aceite
b3mp,Valvulas
cdhw,Equipo
4r0t,Bolsas
btb1,Mantenimiento
4bpv,Filtros
4j0c,Cajas
bw40,Diseño
ctpr,Resinas
dyy0,Sulfato
fqqq,Reparacion
4n0r,Puertas
b8qh,Software
400l,Placas
4sst,Sensores
4ntm,Laminas
4cjs,Aditivos
47sc,Cintas
mn4v,Instalacion
3vtn,Fosfato
4gpj,Tubos
mnhj,Sistema
4m8q,Cables
4c3m,Envases
4sbd,Asesoria
3whp,Refacciones
4fph,Sabores
4hx3,Pruebas
fqqr,Servicio
cmx4,Cursos
mm1j,Acetato
4t4t,Sellos
4d4r,Servicios
48rf,Tanques
f3sz,Kits
4xyx,Mangueras
industrial-cnvt,Planta industrial
b1tc,Barras
4r00,Tapas
bvds,Limpiadores
4b1d,Molinos
43yg,Extractos
4bzq,Fragancias
4d1v,Contenedores
mn3t,Oxido
4084,Tapetes
4sz3,Botellas
flmt,Rollos
4b7n,Agitadores
4bvb,Moldes
4nj7,Limpieza
quimicos-b30q,Productos quimicos
4fvq,Herramientas
4c1f,Lamparas
4gnq,Ceras
g83n,Carbonato
cn8v,Peliculas
cljz,Hojas
b3gd,Motores
4g3z,Colorantes
dz37,Telas
cmww,Capacitacion
mncw,Nitrato
4mdj,Transporte
4cny,Sal
b17l,Ruedas
4rcl,Basculas
4ghc,Agua
dmn7,Gases
4c18,Mallas
f8pn,Perfiles
bjw1,Indicadores
bhxt,Controles
3jqj,Crema
4f7h,Pinturas
dsxs,Shampoo
4bgc,Charolas
cf0q,Intercambiadores
mnc1,Medidor
mnf4,Pelicula
4r78,Aluminio
gj0z,Cepillos
hydj,Vitamina
43jg,Juntas
bngz,Llaves
hysg,Comparadores
bwgf,Calibracion
clmt,Muebles
gbzy,Tubo
4prs,Tableros
4s7x,Polietileno
40dq,Soportes
4d7x,Rodillos
c0dv,Consultoria
cnhs,Desarrollo
b3lq,Instrumentos
f1jy,Metil
4xyt,Llenadoras
4741,Sillas
alimenticia-ddlx,Pasta alimenticia
g81h,Goma
cfyx,Gel
ftr7,Limpiador
mmyg,Fibra
bf4j,Adaptadores
4tnb,Electrodos
jg7f,Chile
4bn7,Detergentes
4fps,Calentadores
4zm8,Carros
fwdx,Cinta
4djt,Harina
40qn,Generadores
mmtl,Citrato
c8bs,Tarjetas
4rzq,Tornillos
4cdm,Desengrasantes
bmbw,Lentes
bmsy,Lamina
4mnj,Gruas
mmz0,Hidroxido
48qr,Elevadores
4071,Gabinetes
ctzy,Hule
41tq,Botes
4wwg,Tapones
mnyz,Señalamiento
mn4z,Jarabe
bxlq,Tintas
4frv,Cortadores
4cwm,Pegamentos
mnc3,Maquina
4fn7,Te
ctxr,Emulsiones
mnfs,Polvo
4t4p,Cortadoras
cvbr,Fibras
4sqb,Anillos
4chz,Grasas
43hz,Envasado
4p3z,Cubiertas
f43m,Componentes
4jc7,Vasos
4bhx,Ventiladores
4c1g,Lavadoras
mmqb,Bromuro
40q8,Acabados
4bh8,Extractores
31bm,Cadenas
bm8x,Mamparas
4d7d,Semillas
blw1,Compuestos
cdhd,Acondicionadores
mn1m,Venta
4qrv,Papeles
3dc1,Automatizacion
hblz,Jabon
b7ph,Cable
bgqw,Corte
4bsy,Solventes
mm0x,Azul
4xrd,Ductos
47mb,Polimeros
mmxl,Esencia
cmlf,Mobiliario
fwxf,Placa
bzyy,Fundas
dzml,Ropa
4bmp,Colorimetros
bfyy,Codos
4bt0,Termometros
bcys,Manometros
4qbj,Alambre
mnhc,Salsa
bf4h,Boquillas
mn1l,Valvula
4yg1,Trituradoras
40z1,Tarimas
4cfg,Exhibidores
3r3m,Estearato
41w8,Dosificadores
3p01,Postes
4dyr,Cafe
4cjw,Antioxidantes
4xcx,Alambres
cwdq,Pulpa
para-limpieza-fzch,Productos para limpieza
4cpc,Almidones
4prj,Aislantes
bldf,Cuchillas
b7v4,Dispensadores
fwhc,Tiras
bprv,Carbon
483l,Hules
mmxp,Eter
3v7s,Redes
mm7z,Detergente
bmm4,Cargadores
bgmj,Mezcladores
ghcz,Soporte
d0wj,Sales
bh8r,Bancas
4gqq,Cremas
primas-cfvp,Materias primas
4bhb,Desinfectantes
4rrn,Ganchos
43m1,Aislamientos
40j8,Coples
4c1w,Proteinas
4gj1,Capsulas
40gb,Herrajes
fvs1,Malla
34p7,Botas
4hng,Aromatizantes
4j4l,Codificadores
4q34,Revestimientos
b387,Columnas
4fvg,Abrazaderas
4gtc,Cera
mm74,Concentrado
ftqz,Desengrasante
b8gd,Cabezales
4bv4,Hilos
4nq1,Lavabos
40mh,Escaleras
4vht,Sobres
4scf,Instalaciones
4f7g,Barnices
bf4b,Reductores
4rgd,Cubetas
f43r,Rodajas
4blz,Centrifugas
4tp1,Carpetas
d0fn,Estabilizadores
4rf3,Polipropileno
mnqf,Bridas
477x,Agitador
3mcc,Certificacion
cdrx,Cabinas
dhbd,Removedores
cxy0,Catalizadores
4mcf,Bujes
4cj8,Tinas
mmrn,Caja
bw00,Uniformes
4dzj,Alimentos
4vjx,Aislamiento
gxrv,Polvos
4pgw,Estructuras
4qj0,Pintura
44g8,Antiespumantes
3gj4,Barreras
vease-tambien-basculas-4xf7,Balanzas (véase también: básculas)
4d1t,Lonas
cd8f,Chalecos
4dd7,Sanitizantes
cjrj,Publicidad
403w,Campanas
40zp,Madera
c0qq,Administracion
4xmf,Cerraduras
3jq1,Queso
4tzw,Platos
4c31,Emulsificantes
4f7n,Esmaltes
dh4m,Cal
4d73,Galletas
bfcw,Colectores
4jb4,Sacos
mnhg,Sensor
chzz,Agujas
gc4n,Repuestos
dzg4,Camisas
fdxz,Baño
4rxf,Marcadores
ffff,Filtro
bhp7,Abrillantadores
4bq1,Grapas
mn10,Yoduro
4jfn,Colores
4d4n,Bebidas
metalmecanica-4y88,Limas (metalmecanica)
b4zs,Sondas
3rzg,Carne
gg3r,Lectores
cmxw,Bancos
mnhh,Silicato
cjdb,Lacas
4rpy,Reactores
bjpf,Dados
gbtw,Termometro
4qc1,Difusores
403p,Persianas
bctx,Condensadores
hygq,Recubrimiento
47s3,Consumibles
4jbx,Tarros
4rrg,Pvc
4mcl,Pernos
dbd0,Sabor
mnfw,Raiz
cj1f,Libros
b3mm,Pantallas
agar-agar-gelatina-japonesa-cxbj,"Agar (agar-agar, gelatina japonesa)"
4qr7,Carton
mmzj,Grasa
fr3q,Amarillo
c8h7,Playeras
bfcx,Actuadores
c0d0,Distribucion
cd8d,Mangas
dzmn,Mandiles
4nly,Recoleccion
3byv,Lauril
c08x,Tecnologia
4yp8,Alarmas
4qhc,Decoracion
30dz,Conos
c7rh,Alfombras
gbjc,Especialidades
4jcd,Copas
4nq7,Iluminacion
fbxc,Empaque
b0fb,Rampas
4n8g,Vidrio
4qr4,Carretillas
bdht,Caolin
474n,Cuchillos
mmsv,Carro
404n,Aceros
mmp7,Bioxido
mmty,Colorante
4dvt,Silica
44lb,Concentrados
mmpy,Botella
4tcs,Imanes
4f00,Gomas
fwgj,Rollo
c847,Llaveros
gjtj,Reciclaje
ftcx,Color
4jfp,Enzimas
4nxs,Piedras
43nt,Fertilizantes
4dtl,Esencias
bjwf,Contadores
b7xx,Botones
bdjf,Plastificantes
4rzc,Rodamientos
4ch0,Calderas
4gc1,Paletas
4jgz,Fungicidas
bp4z,Relojes
4tct,Letreros
4bnd,Cribas
cfdj,Laboratorio
4z4r,Martillos
4gch,Dulces
c3tb,Grabado
ftnb,Arena
bntc,Troquelado
dw41,Almidon
4cjr,Acidos
38bb,Manufactura
4m8p,Bobinas
4h8f,Tambores
33tw,Asientos
c8rv,Gorras
34ql,Pieles
fvss,Tela
mnhx,Tapon
bsp8,Insumos
4cjd,Refrigeradores
4f0f,Conservadores
fjdy,Espumas
4dv8,Edta
mnhw,Tapa
4087,Marcos
4mhf,Llantas
mmxn,Espuma
bl8h,Focos
mmzn,Hidrocloruro
4cpj,Azucar
4n0q,Ventanas
4cpz,Leche
40gd,Bisagras
fgcc,Pirofosfato
gdmr,Pulido
cxzj,Celulosa
4qch,Compuertas
mmvd,Dioxido
fgc3,Benzoato
44nj,Espesantes
bnpz,Camas
mn1j,Transportacion
4w3s,Despachadores
4cl0,Codificadoras
dzhv,Cojines
4tvf,Jarras
mnbt,Llave
bzw8,Seguridad
c8hz,Plumas
473y,Rectificadoras
cvbl,Acrilico
bq0f,Veladoras
b7md,Escobillas
cm8h,Impresiones
bm8d,Calefactores
b8pl,Boligrafos
bj0m,Mascarillas
bxzw,Nylon
fww4,Carritos
mnzb,Suero
4nxm,Muros
byjr,Canastillas
43gz,Etiquetadoras
mmps,Bicarbonato
fwsw,Resina
4qfh,Gas
fjzs,Zinc
44hc,Azufre
3nw1,Guias
j7ly,Nanotecnologia
4chl,Batas
4srd,Anaqueles
4qdh,Poliestireno
4bdp,Frutas
4hj4,Salsas
hsbg,Yodo
dsz1,Removedor
4h4t,Aminas
b3bc,Carretes
dzgv,Toallas
ftgb,Laboratorios
bfjd,Barandales
4xvp,Fusibles
bvxj,Bentonita
4bgl,Evaporadores
3y1g,Tartrato
dp4h,Hierro
3www,Acondicionamiento
dzhq,Chamarras
3mcb,Exportacion
3f44,Caucho
4qt3,Poliuretanos
40gf,Molduras
4rzf,Resistencias
f3sj,Cristales
bfd4,Jeringas
4c1d,Jugos
dz1q,Trajes
4bw0,Aromas
1hzm,Naranja
cfdz,Plastico
mn4g,Hilo
4dvj,Lactosa
4yn1,Maquinados
clt4,Globos
17vt,Suplementos
4rrm,Laminados
b1td,Aisladores
b370,Instrumentacion
bbnj,Camillas
481j,Desinfeccion
4bqd,Formadoras
40g3,Jaladeras
mn3r,Oxalato
4v81,Cubrebocas
bblb,Estufas
4jrh,Costales
mm7c,Condimentos
mmhc,Aislante
4ytx,Espejos
4wxg,Parrillas
d0x4,Colageno
4yyz,Arneses
34xf,Piel
bmbt,Velas
cf3c,Vaso
mn41,Hoja
bjpc,Acoplamientos
mmyp,Flor
mmpv,Bomba
4tmh,Polipastos
3ltf,Pantalon
4hhh,Engranes
401m,Domos
4gnx,Harinas
bwpx,Joyeria
4qww,Empaquetaduras
f8mv,Zapatos
fw3q,Estanteria
f4tx,Cascos
4nwx,Piso
fw33,Contenedor
4cp7,Chiles
mmt1,Cianuro
4yzx,Pasadores
cldd,Señalamientos
4cqx,Grenetina
4q1f,Casetas
bvx8,Talco
naturales-4l3b,Productos naturales
chhb,Afilado
fmwh,Mercurio
3mbz,Evaluacion
bnbv,Esquineros
4m3s,Remolques
bhyr,Patines
mn0r,Abrillantador
fvwn,Gluconato
4d7h,Pan
c10y,Hisopos
3nft,Anuncios
3pr3,Manguera
bc1z,Fajas
4dj4,Mango
b3cw,Bocinas
4g3y,Propionato
mm77,Curso
4h8r,Absorbentes
cx8t,Arcillas
4frr,Sellado
47sp,Laser
4pxz,Espaciadores
b08w,Barredoras
4nrf,Regaderas
4qsm,Embolsadoras
cjnn,Gafetes
mnhb,Salicilato
1hzn,Mangos
40z0,Triplay
dj8s,Cristal
4rzm,Compactadoras
3nwg,Flechas
clgb,Reglas
3gf1,Canulas
fj1t,Armarios
3nl7,Prueba
gvpz,Importacion
3cg0,Fundicion
4cfh,Cafeteras
3pc8,Laminado
d4dr,Minerales
b33b,Navajas
4hjh,Manteca
4ylx,Desarmadores
mmp4,Banco
4tzg,Embudos
bj8d,Bronce
bj3s,Cuerdas
c7gr,Plastisol
dp44,Lociones
8mh8,Monedas
40lb,Tarjas
410p,Mermeladas
4tmx,Robots
4yc4,Rieles
gn7v,Tablas
cvth,Poliester
f3qy,Acopladores
4q48,Toldos
bg8h,Vitrinas
4s3v,Abrasivos
4rrc,Termoformado
4mcd,Frenos
4mlz,Camiones
3jmm,Juicios
bnqd,Colchones
bwg0,Sillones
4rqg,Marmitas
mnfj,Piedra
4gcm,Pasteles
cb3y,Esferas
f43h,Microesferas
c1gq,Overoles
404z,Soleras
fwfm,Panel
4rwp,Silicones
4chx,Fosfatos
bjnv,Alumina
de-cultivo-4byx,Medios de cultivo
4gpz,Helados
4yh4,Turbinas
mmv3,Dispensador
chtg,Calzado
bnsv,Luminarios
4sjq,Displays
4src,Estantes
bd3s,Congeladores
cfwm,Urea
43cl,Miel
bnt8,Coladeras
4fmc,Cultivos
ggwt,Barra
mnbv,Locion
gcwh,Cabezas
3h3z,Señales
djry,Medicamentos
gfjb,Indicador
4fvd,Motobombas
fcqx,Lampara
4c8f,Edulcorantes
4xth,Escobas
4cl4,Tensoactivos
44pc,Fenol
3gd4,Extensiones
431d,Empacado
c3jj,Curvas
4lxr,Sosa
hyld,Desinfectante
4y10,Fresadoras
bbh4,Remaches
dn1z,Barniz
4php,Macetas
mnc8,Metal
c0pz,Gestion
c81j,Acrilicos
dsly,Reduccion
b38l,Mantas
3p41,Micas
4yy3,Computadoras
c8dt,Agendas
de-hidrogeno-4ddt,Peroxido de hidrogeno
dnz8,Suavizantes
bx3t,Reciclado
ht7t,Instrumental
4xjl,Calculadoras
4pvm,Pulidoras
4dt1,Pimienta
4qq4,Engrapadoras
mn48,Horno
ghdt,Durometros
4xvn,Fundentes
4h0w,Liners
4jcg,Cucharas
33rd,Mermelada
4c0w,Tortillas
4jbq,Ollas
4hwg,Antiadherentes
4v44,Bandejas
bbmg,Lavamanos
bdvm,Anodos
4078,Esculturas
fwf4,Gancho
c47b,Circuitos
3d1r,Fleje
4jby,Tazas
3m4b,Medallas
4z88,Buretas
gnq4,Polizas
4xyh,Laton
mn4x,Iso
4zsd,Densimetros
cl81,Pelotas
mn0w,Balsamo
40h8,Cuñas
mng4,Remodelacion
4p0p,Impermeabilizacion
4rjy,Rafia
mmz8,Guante
mnys,Reloj
430c,Hieleras
mmpw,Borato
c7x1,Extrusion
chhd,Rectificado
bmvf,Acumuladores
4bdw,Jarabes
4yl8,Machuelos
bfmv,Rondanas
4prv,Ladrillos
bb3w,Niples
bwld,Manerales
4c0f,Arroz
dpxf,Calcio
3vnc,Ligas
4xtp,Estaño
clt1,Stands
mnff,Perfil
4nvz,Andamios
bcq3,Filtracion
b8qw,Juguetes
br3c,Maniquies
bjp0,Mandriles
dz8r,Bordados
3q3s,Obras
4mw8,Estanterias
mn1g,Tornillo
48fb,Vinos
4cz3,Floculantes
44cw,Acetona
4cl3,Glucosa
40dm,Excavadoras
4nwp,Canaletas
4n4x,Compactadores
bdz3,Metales
4jbl,Ceniceros
gwm4,Bolardos
4rr8,Micrometros
f748,Sazonador
307q,Latex
b8xw,Protesis
bg43,Zapatas
4rr3,Serigrafia
4xfy,Baleros
4b1j,Dosificadoras
b8pj,Lapices
37f3,Barita
4ypp,Contactos
blrg,Goggles
40s4,Casas
mmt3,Charola
4yw4,Rimas
fp7r,Depositos
b8df,Compresas
cs37,Aceleradores
dflq,Liposomas
de-limpieza-4lqb,Productos de limpieza
cdhg,Asesorias
b8r8,Luminarias
4z4c,Flejadoras
343q,Filipinas
4qbm,Clavos
3yx1,Radios
4cjh,Sazonadores
4zhc,Bactericidas
g10y,Perfumes
mn13,Tinta
fvrg,Radiadores
mmhd,Ajo
cj48,Jaladores
ccwm,Organizadores
fhbj,Medias
fdjj,Esterilizacion
mnhp,Suelas
c8c1,Cuadernos
bxzh,Lijadoras
4z4s,Niquel
4fy0,Coco
cjdy,Perforadoras
4zjy,Botiquines
f8h7,Coberturas
bqnj,Pulseras
4vdy,Hebillas
4p3y,Consolas
gbs1,Pomadas
f0mp,Distribuidores
4q7s,Latas
404s,Arquitectura
b34v,Telefonos
3lwb,Mandil
40bb,Vigas
cm0f,Investigacion
40m7,Fachadas
cjd0,Guillotinas
4cqm,Jamon
mn7g,Cortador
mm7v,Defensas
4clb,Alcoholes
43pg,Popotes
4vrl,Bidones
mnhs,Tiocianato
4nxl,Celosias
cvv4,Espumantes
c3b8,Tenazas
bvyp,Extintores
3y4x,Policarbonato
4mxx,Carrocerias
4tpg,Archiveros
1rqh,Centrifuga
4r01,Maquilas
441j,Cacahuate
crmr,Coagulantes
3sbj,Cerradoras
dzgy,Sabanas
mnf8,Pigmento
mmvp,Emulsion
b1s3,Balanceo
c7pb,Parafina
cj13,Revistas
4nsf,Canales
fjhs,Identificacion
dpcb,Combustibles
bllq,Rectificadores
mnyp,Piña
dzfg,Paños
4z3h,Alcoholimetros
b8xv,Implantes
3n3p,Bacterias
c8hy,Rotulacion
hb8b,Personal
fdpy,Pallets
4bfp,Dextrosa
4304,Herbicidas
fpxh,Embalaje
3lw4,Chaleco
4x1y,Cadena
4crm,Quesos
gpyn,Lecitina
bf4r,Roladoras
4cxt,Clavo
c0m7,Comercializacion
44tp,Maiz
bxpv,Manipuladores
mmvl,Embudo
4h7b,Llenado
mm71,Corcho
dh4z,Plomo
3mby,Formacion
fwxm,Absorbedores
3mbx,Actualizacion
hys7,Cajones
mnzc,Tarjeta
b3bl,Casquillos
cxb1,Adsorbentes
4lww,Hidrolavadoras
dzm3,Sudaderas
4ryc,Cosmeticos
4g3w,Hexametafosfato
mn7f,Cople
g3cm,Nopal
mmqc,Buje
mmsy,Cepillo
bc7b,Silenciadores
mn3y,Pastel
filtrantes-4br7,Medios filtrantes
4g88,Endurecedores
cltd,Cartulina
dfrm,Liner
c73b,Perlita
b33n,Activadores
mnh0,Succinato
g4sv,Rack
3ltq,Camisa
4t4q,Rebanadoras
de-plastico-4rny,Articulos de plastico
dxvy,Solvente
4qxg,Suajes
bg0t,Contactores
fwg0,Tablero
mnhf,Semilla
4x1l,Buriles
brjl,Pulidores
clm8,Adornos
bbhw,Ferulas
bvhd,Lingotes
mmhg,Alginato
gghy,Gomitas
hn7q,Lactobacilos
cqjj,Latices
377m,Carbones
3d70,Aros
g14l,Silla
4pjl,Concretos
gf8j,Motor
c8yq,Maletas
3lwp,Bata
34dw,Confeccion
g3s0,Espejo
mnzd,Tiosulfato
4cqf,Cocoa
4hqn,Cebolla
fnpc,Levadura
4bq8,Homogenizadores
cdv4,Losetas
4r7d,Vinil
mmsq,Cargador
gb0f,Robot
4bv7,Sueros
hzg4,Lainas
mm7s,Cubierta
b4lp,Penicilina
mn70,Desmantelamiento
mnfn,Plato
mmpc,Baston
3xzr,Canceleria
3rqs,Tornilleria
4mdl,Fletes
4ylw,Cercas
mmtz,Compresor
h8qz,Vino
bj0f,Impermeables
1f3s,Gabinete
ftgp,Medicina
4v8h,Cofias
f78t,Reparaciones
f8qw,Tapete
4b1y,Germicidas
mmv0,Emulsificante
4fpq,Serpentines
b41w,Muflas
b87z,Bicicletas
4chq,Caseina
3ptj,Manijas
13mn,Suturas
cthx,Poliducto
4fbf,Avena
40gh,Bastones
cmc0,Listones
fljv,Magnesio
4jc1,Cucharones
4dsj,Excipientes
bwcc,Canastas
4zfx,Antimicrobianos
cwbw,Pellets
3r3f,Adipato
mmyx,Funda
mn3q,Oleato
dzj3,Fieltro
40n8,Cocinas
4f84,Chillers
43lr,Empaquetadoras
de-calcio-4dvf,Hipoclorito de calcio
37nc,Alumbrado
bpfh,Cojinetes
fqs7,Video
4xy8,Lijas
cwg8,Pet
4nrg,Mingitorios
cjjc,Folders
blwz,Balastros
4qff,Pavimentos
dzhb,Colchas
mmx1,Escobillon
4zw4,Escobillones
mnqc,Brea
b1rl,Manifolds
bp7y,Linternas
bdv4,Alcantarillas
de-amonio-csrp,Molibdato de amonio
cl8h,Papeleras
b4fr,Lupas
dv8v,Fijadores
4tcm,Elasticos
43mp,Arboles
b0tq,Asas
b8xx,Diafragmas
cwdd,Homopolimeros
bvzn,Metalizado
47gq,Vitroleros
de-transferencia-f43s,Bolas de transferencia
b80l,Refrigeracion
44hz,Borax
bspl,Lockers
dxry,Propilenglicol
mnhd,Sello
4fhv,Termos
4wxd,Garrafones
3yb7,Tanque
4qwj,Goteros
gl0j,Cuero
mn7h,Cortadora
bzyz,Mascaras
3ldl,Poliuretano
43hj,Etiquetado
glicol-ct7h,Etilen glicol
mnbn,Lector
3lwq,Overol
4dvs,Manitol
dz10,Corbatas
fnrl,Jardines
mmpx,Bota
4b84,Polietilenglicol
dvjy,Alcanfor
bydp,Extraccion
4dtw,Endulzantes
bgwm,Remachadoras
4v7p,Garrafas
dryw,Exfoliantes
dzw4,Entretelas
cpxz,Catalizador
gbzz,Anillo
4xrt,Electroimanes
bsvn,Racores
cqzf,Cromo
ctmq,Carbonatos
41nj,Nectares
48qn,Cocedores
bplm,Depuradores
fh4p,Playera
4pr1,Canceles
cjdp,Compresoras
cjtt,Impresos
gb7c,Ventilador
bqlc,Leds
c8tl,Carpas
4tdq,Elastomeros
dsjq,Persulfato
mncn,Mezcladora
de-sodio-4bbh,Tripolifosfato de sodio
bcjm,Estetoscopios
mn0q,Abrazadera
dyr1,Silicon
mnfp,Polimero
4cnt,Hielo
4n0t,Tabiques
cvpp,Textiles
4tp8,Libretas
4tz8,Jaboneras
b1jq,Boyas
4rtt,Laminadoras
dz8p,Manteles
cldx,Banderas
4jrl,Pulpas
4418,Cacao
cqxh,Yeso
cl17,Anilina
4zsq,Desodorantes
b8yz,Ejes
mny1,Licor
31gm,Colchonetas
430q,Jaulas
4dhn,Polioles
gmft,Acoples
4ywb,Fuelles
mmyq,Fluorita
33yp,Radares
mnft,Pomada
mmt8,Circuito
bzf7,Cableado
gbym,Localizacion
mm1l,Adhesivo
4c04,Botanas
4bdr,Frijol
4qrq,Calcomanias
mmxx,Extractor
cscs,Suajado
bb7r,Turbidimetros
dp0g,Residuos
4cry,Canela
fbjb,Ploteo
4nxt,Ceramica
dj7g,Silicas
mn0z,Boquilla
4zbn,Maquetas
4rg8,Suajadoras
ghdx,Marco
4wxx,Tambos
4ftp,Nitrogeno
dzzf,Viseras
cq3j,Eteres
3ln4,Pastecas
bn08,Bulbos
c37m,Ventilacion
bs3x,Minisplit
mnyq,Potasa
4p0q,Impermeabilizaciones
b80d,Encendedores
3lvv,Chamarra
cmys,Fianzas
4hrh,Asadores
4jvr,Antibioticos
1pmm,Bobinado
387l,Albercas
cprj,Abs
bjcc,Fregaderos
bg3y,Afiladoras
4c08,Huevo
44gx,Antisepticos
flj7,Fierro
mnfr,Pollo
47tz,Popote
43rw,Flores
mnfv,Poste
fw8x,Papa
herbales-4dsh,Productos herbales
f3sb,Cautines
mm18,Aderezo
bxtn,Impulsores
f7tr,Vales
4hbq,Hamburguesas
mnhl,Sonda
c74w,Bromo
31y0,Jardineras
b81x,Adecuacion
4bm0,Cola
1hzr,Pera
mmnw,Asa
djsx,Vaselina
mnbw,Lona
bjn4,Anticongelantes
fnjq,Display
bmtf,Multimetros
fb1w,Vidrios
de-corte-4ztj,Discos de corte
bfdq,Embobinado
4bqs,Licuadoras
mmv1,Dulce
mnz4,Sillon
4nx8,Losas
4vl0,Cosmetiqueras
4nsz,Electrificacion
brjn,Servilletas
4dyw,Aderezos
dzgc,Vestidos
4tqq,Lavaojos
43qd,Cafeina
4ft0,Oxigeno
mmpr,Bebida
dzjd,Pantuflas
344s,Cortineros
mmyv,Frijoles
4m1v,Ambulancias
mmth,Chorizo
43hs,Contadoras
cygw,Cloruros
c8mm,Publicaciones
4csj,Vinagre
b0rl,Laminacion
4lvp,Papaya
474l,Vajillas
cmbf,Fistoles
fzzn,Anodizado
c8q8,Mantillas
bbjc,Endoscopios
dzmr,Escudos
4n8w,Cañuelas
48qz,Volteadores
4ym3,Mica
c1gx,Magnetos
g8qg,Suspension
c8xv,Peines
4rnm,Ampolletas
44sl,Hongos
c077,Identificadores
43x8,Donas
mmvf,Distribuidor
c8hj,Compases
b1ct,Bandolas
cyly,Curtientes
hp48,Llanas
4p0s,Impermeabilizante
43qh,Etanol
prima-bsx0,Materia prima
bgqg,Rotametros
fzqd,Antiespumante
4m47,Balatas
33sv,Mosquiteros
mncm,Mezclador
bd8p,Oximetros
34vl,Sandalias
40sc,Edificios
1njw,Rines
mn4m,Incubadora
37tl,Codificacion
4h7z,Cubiertos
cwd4,Poliolefinas
mn1p,Yogurt
4c0s,Papas
4cvy,Cereales
ds40,Buffers
mnbg,Lapiz
4zsn,Desecadores
clpl,Boletos
mn0y,Bitartrato
4ncr,Rotores
mn7p,Difusor
mn37,Palmitato
4p34,Semaforos
bwx4,Microbicidas
4hrf,Lavadores
fzfw,Comederos
mmrt,Camilla
474m,Tenedores
cgvl,Bombos
bqh8,Selectores
bd7g,Acelerometros
de-chocolate-4glh,Chispas de chocolate
dz1g,Pijamas
8fm1,Lavaderos
hm7v,Ejercitador
bvrf,Armazones
dqsx,Hidrofugantes
mnb1,Laurato
bzyq,Borlas
4x7f,Fieltros
gr7p,Cabos
mmz4,Glicinato
gm4s,Hembrillas
de-seguridad-cnjv,Guardias de seguridad
fnwr,Gafas
cnbg,Mercadotecnia
dxwj,Thinner
4j31,Jardineria
mmyz,Generador
mnhm,Sorbato
hc1q,Emulsionantes
fd3f,Calentador
chsw,Riego
3dhd,Avaluos
dz88,Camisetas
f4vz,Tierra
dqdz,Shampoos
4nsq,Demoliciones
g8m8,Defensa
mn3p,Nitrito
3njz,Investigaciones
de-aire-bq1g,Manejadoras de aire
47xp,Galvanoplastia
mmpz,Bote
mm7f,Conservador
4ppg,Artesanias
mnbc,Junta
44sb,Hidroquinona
3pqf,Regadera
mm7b,Condimento
4dgl,Algodon
b4c1,Hierbas
mm7n,Cubeta
bbst,Vainilla
dc0y,Carragenina
4ccz,Almendras
bm8f,Inodoros
mnbj,Lente
f1pf,Collarines
mnfq,Polivinil
4cpt,Cerveza
4jrm,Adobo
especiales-bff1,Piezas especiales
dh4l,Cadmio
h380,Agregados
de-potasio-bicromato-de-potasio-dfmj,Dicromato de potasio (bicromato de potasio)
mm73,Cono
mnp4,Boton
fttc,Abanicos
bm17,Densitometros
bbqq,Cunas
404t,Bardas
443s,Aglutinantes
by3y,Balizas
mdww,Deck
mn71,Cuchara
mnyy,Salvado
gywz,Urnas
4byb,Helio
bsyx,Magnetoterapia
4p33,Comedores
4qfj,Tinacos
mmwv,Envase
de-sodio-4dvq,Metabisulfito de sodio
4dy7,Especias
4rvh,Granuladores
glicol-d0cg,Dietilen glicol
ftvw,Routers
fxb4,Barrenas
mng3,Rodillo
4j40,Emplayadoras
brr8,Desazolve
mnf3,Pallet
3lvj,Toalla
de-aire-acondicionado-j1rn,Paquetes de aire acondicionado
4tqv,Carteras
mnqj,Cerradura
mmtj,Cilindro
4xrs,Electroerosionadoras
mnfh,Perforacion
c4cr,Diablos
4bqj,Higrometros
de-sodio-37fh,Hiposulfito de sodio
dhpj,Autonivelantes
czpc,Hexano
de-potasio-bd1g,Permanganato de potasio
44vc,Oregano
bzwt,Botoneras
fntr,Lanolina
4b3l,Lanolinas
dzgm,Calcetines
48tz,Arandano
fwf1,Melamina
3str,Calculos
bqnr,Dijes
dzjc,Lana
4crs,Anis
4m7q,Descarga
df73,Albendazol
mnzh,Zoclo
cnnq,Entrenamiento
bffp,Pesas
insertos-bj3c,Porta insertos
fqtg,Guayaberas
413d,Jitomate
477q,Palillos
bcx8,Decantadores
bvzm,Plasma
agujas-c1cv,Porta agujas
de-fibra-de-vidrio-40zc,Productos de fibra de vidrio
4cvz,Tripas
fzbn,Baberos
jxj3,Muretes
3lvp,Gorra
b80j,Climatizacion
b887,Telefonia
gbzn,Rotulos
1nnj,Polifoam
cjlx,Volantes
de-glicerilo-crtm,Monoestearato de glicerilo
fwdq,Bascula
m1mf,Mampara
4081,Arenas
mnb7,Llavero
c8fh,Credenciales
4txs,Cortes
4df8,Tequila
mn7r,Doblado
gszc,Gestoria
4d4p,Granos
b3bn,Galvanizado
mn0x,Bifluoruro
4cxd,Feculas
4clf,Levaduras
bdvn,Audifonos
mmv8,Elevador
4nwv,Loseta
4zd1,Abatelenguas
40fn,Zoclos
b8p8,Lapiceros
bfcz,Brocales
mncd,Manufacturas
clz1,Portavasos
aislada-fgcd,Proteina aislada
44tw,Mantequilla
4fyr,Zanahoria
hzmr,Jalea
gfq1,Arpillas
4yyj,Cromado
mnhz,Tarro
clcw,Manuales
4h3m,Nopales
bbjl,Electroestimuladores
fwww,Durazno
g3l0,Nitrilo
ggvd,Feldespato
47sq,Marcado
mmfc,Arpilla
41nw,Lechuga
dxlc,Lignosulfonato
3lyq,Arcilla
48qx,Seleccionadoras
4vdt,Moños
4tys,Tortilleros
mm7g,Copa
hbnt,Manta
mn0v,Arbol
c8xd,Pintarrones
f14d,Baffles
dxcv,Patrones
c438,Criadoras
mnhr,Sulfocianuro
3c03,Papeleria
mn1q,Zapato
4nhq,Rastreo
de-sodio-4fwc,Hipoclorito de sodio
mncr,Molino
c7xf,Blister
mmsr,Carnes
4bbf,Trietanolamina
3zvn,Custodia
4s7c,Malacates
4dxr,Maderas
fdmh,Ribbons
4nrh,Azulejos
hw3t,Foam
c8cw,Animacion
4xgt,Birlos
47rd,Casetones
4tdx,Embalajes
40z3,Grabados
34jv,Bordadoras
4gfy,Bocadillos
bb1g,Nebulizadores
4nv4,Cenefas
4dtn,Refrescos
3tvx,Desechables
4pt1,Bebederos
4cql,Embutidos
47b4,Fechadores
br8b,Multimedia
de-sodio-cydr,Clorito de sodio
cx18,Analgesicos
4p01,Cajoneras
d0v1,Acetal
4h4h,Creatina
4yj8,Balancines
4clg,Sulfatos
c8x8,Directorios
4bdg,Anilinas
b4gn,Marcadoras
herramientas-b3b3,Porta herramientas
d3wm,Micronutrientes
4fy8,Calabaza
ch4b,Boroscopios
431p,Peladoras
b4zh,Filamentos
h8vp,Muñecos
dhhd,Neutralizantes
c7dz,Selenio
34tt,Borcegui
gd84,Oxitetraciclina
4bcz,Habas
mnyw,Roca
bq33,Pintado
f74h,Atole
bnfq,Pulsadores
gbr1,Ejercitadores
f0n8,Ventanillas
41ft,Peras
c84x,Cubiletes
34qv,Ligantes
gqcy,Consultorios
bj3w,Pertigas
f371,Pasacables
czdd,Extendedores
4fwp,Hidrazina
hclm,Lenguetas
cn3q,Abogados
c80j,Cristaleria
4n0d,Marmol
4qtg,Siliconas
dfm7,Cauchos
3fdr,Xileno
4qbg,Alambron
48jg,Peletizadoras
g7mb,Anticongelante
40hw,Polines
4fln,Trituradores
de-diamante-bcfm,Discos de diamante
c0lt,Internet
408h,Grava
44tr,Maltodextrinas
4cp4,Aceitunas
abrasivos-cj4m,Discos abrasivos
bb1n,Desfibriladores
4xqn,Desoxidantes
30hq,Carteleras
c0rb,Hardware
3fd0,Heptano
4jvt,Caseinato
4n03,Pavimentadoras
mmz1,Grapa
didactico-b00f,Material didactico
4mbt,Bujias
4bdj,Nueces
mmtm,Climas
1h8x,Aluminas
4bqq,Laminaciones
mn0t,Almendra
bb8b,Comodos
48q7,Freidores
4d7f,Mezcal
4xrj,Durmientes
bb1t,Rodilleras
4sxr,Preformas
4cqr,Chicharron
c8l0,Caballetes
4tz4,Coladera
f0x8,Incineradores
dl4r,Hidrocortisona
mngd,Riel
ch4s,Escalerillas
h0mw,Adaptaciones
gdr3,Bisulfuro
4jcb,Coladores
47s4,Armadoras
mnq3,Brida
mm07,Ate
bcgv,Negatoscopios
mmsp,Capsula
4z4p,Hachas
cylh,Creolina
cyhd,Cobalto
mnhv,Tambor
4fmp,Granola
cnpj,Cañones
mm7t,Cuerda
f3tj,Plugs
f3sx,Jacks
dhxt,Cefalexina
bzm7,Cedazos
84lq,Sulfatiazol
ddnx,Balsamos
csgv,Creosota
mnh7,Tabla
gqpz,Sopa
vease-tambien-benzoato-de-litio-carbonato-de-litio-etc-czw7,"Litio (véase también: benzoato de litio, carbonato de litio, etc.)"
gjvt,Perspectivas
gqw0,Aislados
bb3y,Nucleos
gf3h,Distanciadores
biodinamico-1hfn,Fulvato biodinamico
fxwg,Muestras
34by,Bordado
1fq8,Mudanzas
4gbq,Suavizadores
mm1m,Agenda
4yby,Revolvedoras
djs7,Monoetilenglicol
34px,Tenis
4qht,Bodegas
mnby,Maltodextrina
alimenticios-fppr,Productos alimenticios
hsz0,Dietanolamida
bx7b,Rolado
decorativos-4pp8,Articulos decorativos
4dt3,Salchichas
4zqd,Colorimetro
mmx4,Escalera
40ds,Adoquines
clm7,Portaretratos
mmhb,Aguacate
4cg0,Carrageninas
cwqq,Acetonitrilo
48qt,Exprimidores
3r38,Dioctil
47cc,Embotelladoras
34dy,Maletines
mfvh,Zeolita
bjcp,Balanceadoras
4m0p,Faros
dhb4,Poliesteres
d4mh,Papaina
43wn,Rosticeros
mngc,Resistencia
44lx,Dextrinas
djzg,Pvp
bwc4,Collares
dj7f,Polietilenglicoles
31gj,Compraventa
de-acero-4z4d,Granalla de acero
mdwr,Decks
mn7m,Dado
c81q,Rotafolios
4r71,Hologramas
4nv8,Decorativos
mn7y,Forro
c1hg,Turbocargadores
jcvy,Unicanal
mmrr,Cama
3n3t,Hormonas
410s,Chicharos
mn4w,Instrumento
mn7j,Cucharon
3077,Liston
4xrm,Economizadores
c8rl,Resaltadores
clf1,Mapas
3tql,Sulfametazina
fdz3,Cucharillas
4p0j,Entrepaños
flcw,Pesaje
mmxv,Expansores
3nsd,Pentoxido
hojas-mnf7,Porta hojas
dv87,Tetracloruro
34xp,Zapateras
fpcm,Aglomerantes
41cd,Chabacano
4byc,Hidrogeno
cptg,Acrilatos
bf3t,Ajustadores
4jbh,Azucareras
87lm,Conserjeria
g3dv,Neohesperidina
4hzr,Cazuelas
ft1b,Cubas
czlq,Gliceridos
3lsz,Uniforme
fw3d,Comercio
hldv,Imagen
duros-blbw,Discos duros
40fh,Marmoles
mmxs,Etiqueta
4n0b,Decoraciones
mnbx,Magnesia
mmw7,Envasadora
40sf,Oficinas
crnq,Dietanolamina
mmyr,Foco
de-sodio-bd1d,Hidrosulfito de sodio
mnc4,Maniobras
mn18,Trituradora
bqqh,Ducteria
bzm8,Rotomartillos
fnxt,Hidrantes
4clm,Curcuma
mmhl,Balones
40b4,Aglomerados
4g8j,Ablandadores
gbtt,Nebulizador
bjrw,Microfonos
4ztq,Electrocardiografos
bwvd,Orings
cldy,Banderines
fvgn,Engranajes
dnrd,Amaranto
mn11,Traje
de-benzoilo-csgn,Peroxido de benzoilo
gp8c,Maquillaje
niacinamida-4470,Nicotinamida (niacinamida)
fdyg,Fosas
4crh,Margarinas
mn4y,Jabonera
czvy,Lidocaina
4410,Caramelos
hcvt,Kioscos
cxjt,Antiinflamatorios
cvfz,Pañales
4mcg,Rotulas
4cbm,Tortilladoras
mmyy,Garrafon
dl0g,Clorofila
cqxv,Antimonio
l-lisina-djzw,Lisina (l-lisina)
dzht,Cobertores
mnql,Colchon
djfd,Tintes
40vg,Butacas
br3p,Cascadas
c7cx,Poliacrilato
dswn,Rectificacion
mms0,Canula
bl81,Iluminadores
cxcs,Alantoina
ddf1,Oxidos
43yy,Achiote
mnb3,Laca
b7nq,Rastrillos
4dy0,Trigo
cybw,Ciclohexano
mmtn,Clorato
mnbz,Manga
dzmq,Casacas
celular-3ntt,Porta celular
fwgv,Tiendas
4j4r,Orientadores
cqbf,Difenilamina
bs0q,Perforaciones
341l,Proteasa
fwd7,Carrito
bgct,Perfiladoras
4rnh,Plastisoles
b17h,Extruidos
b4by,Hidrometros
c4qz,Microalambre
mn1d,Tienda
ghbg,Faldones
3g8p,Bencina
4tph,Revisteros
mmyn,Fijador
sachets-103j,"Sachet, sachets"
hpfg,Literas
4c4q,Lipasa
c1p3,Muestreo
mnyx,Salmon
477p,Palillo
4hbm,Cristalizadores
bfd8,Muestreos
1c41,Helices
bzv8,Jumpers
408m,Lambrines
4clc,Bicarbonatos
mny8,Nuggets
m3f1,Duchas
ddfg,Hidroxidos
f81s,Compensadores
gl7t,Escobetas
44zt,Sebo
gfph,Polisulfuro
dhb3,Rojos
ddl8,Sulfamerazina
bf1v,Portacartuchos
bf4d,Espigas
fwrf,Impregnantes
431h,Cerrado
bll8,Catodos
ddny,Yoduros
3fbr,Lanzas
c87t,Cachuchas
mnym,Perfileria
43bg,Abarrotes
bnrx,Libreros
mmr7,Campana
mmsg,Cancel
de-empaque-4tnx,Material de empaque
ffrl,Fumigacion
bbps,Delantales
b3cz,Anticorrosivos
48d1,Vaselinas
1jff,Multisplit
mn14,Taza
mngb,Remolque
447p,Nipagin
cds-c878,Porta cd's
4mmm,Motocicletas
cl1x,Foamy
4gmp,Licores
bd34,Riboflavina
sacos-4d17,Super sacos
bb1s,Muletas
mmxm,Esmalte
cxcl,Aguarras
dz8n,Mascadas
c88s,Copias
4txd,Banderolas
mnbb,Jeringa
mngf,Rueda
mmpt,Bicromato
mnyn,Petrolato
47ds,Empaquetado
4xbl,Tensionadoras
extintores-g03c,Porta extintores
lcmm,Gondolas
mn07,Amina
3dhz,Cerrojos
c84r,Dominos
ccvg,Afiladores
mn7x,Flecha
4c3y,Acetatos
mnyj,Losa
mmh1,Aguja
4437,Ajonjoli
337r,Alacenas
30sv,Chia
h8c3,Abrepuertas
dz1p,Gabardinas
4vsv,Pesadoras
11gv,Bacheo
dzpz,Hilados
b1yx,Polainas
grs8,Rebobinadoras
4d41,Pistaches
4cpw,Cigarros
338r,Moldeado
fhlb,Hidrocarburos
4csm,Tamales
41fv,Alcachofas
mmvq,Encapsulado
4fnq,Manganeso
bbnb,Laringoscopios
g44f,Rompecabezas
bpmf,Escafandras
43zp,Albahaca
4myy,Campers
1nmr,Cercos
4cxv,Laurel
de-contraste-c8n1,Medios de contraste
4nvt,Ovalines
d0w1,Acidificantes
hl7g,Abrillantadoras
auxiliares-csdz,Productos auxiliares
4f1z,Manzanilla
cnym,Bafles
dlyj,Doxiciclina
de-sorbitan-bbry,Monoestearato de sorbitan
frrr,Rosa
blxs,Abrecartas
41fr,Kiwi
410t,Coliflor
cwyz,Adherentes
hpcp,Dedales
bv8f,Receptaculos
mms7,Carrete
4fy1,Col
fryh,Mancuernillas
33vp,Boro
bsxc,Extendedoras
4tcl,Distintivos
mn0s,Almeja
c8yj,Emblemas
cljr,Escarcha
3xmt,Nichos
d7sd,Enantato
lycra-dzj0,Licra (lycra)
d8bh,Indol
gfp3,Calandras
1c7d,Caños
cyc7,Cloramfenicol
4j47,Cuñetes
mnzg,Yee
d1jx,Insulina
f13z,Hemoglobina
brns,Descontaminantes
de-estano-czg1,Fluoborato de estaño
de-potasio-czgn,Fluoborato de potasio
gfpd,Hojeadoras
bywy,Plomadas
47sd,Colocadoras
de-sodio-czg0,Fluoborato de sodio
3dzc,Cremeras
mnq4,Boveda
de-cobre-dn73,Fluoborato de cobre
41rb,Masa
jldy,Fermentos
cuprico-czgh,Fluoborato cuprico
c73d,Hematita
de-cadmio-czgg,Fluoborato de cadmio
10z7,Hilera
bff4,Microcilindros
4zxf,Extinguidores
4n7t,Herreria
cs13,Neumaticos
g1ym,Contabilidad
f38z,Medicinas
ds1j,Farmaceuticos
11ff,Medicamento
de-laboratorio-ftgd,Material de laboratorio
mnhn,Suavizante
4qjp,Electricidad
3wvq,Excavaciones
3jnf,Cobranza
de-plastico-c7rs,Productos de plastico
447j,Monoetanolamina
c8s8,Cueros
hbtp,Polipropilenos
cr7n,Peroxidos
cmxp,Hoteles
x-47ss,Rayos x
mnbf,Lavadora
fzp4,Cordel
4nzl,Alambrados
cycc,Ciclohexanona
dzns,Jeans
3vxj,Abonos
de-sodio-4zt3,Dicromato de sodio
cysq,Dimetilformamida
3mcf,Certificaciones
de-soya-hhql,Proteina de soya
433c,Jengibre
dp0c,Oxidacion
31tj,Cajeta
f8jm,Elastomero
3p83,Pulsera
puertas-bm80,Cierra puertas
bxl1,Fregadoras
4fyv,Sabila
4x8f,Cangilones
acetilaminofenol-cwnx,Acetaminofen (acetilaminofenol)
4jl4,Linaza
4zhx,Barometros
4300,Invernaderos
bgdm,Roscadoras
44cg,Acetaldehido
1b07,Porrones
487t,Postres
4hzn,Sopas
3qdr,Alcancias
l1bc,Hierbabuena
mncl,Mezclado
4gfz,Reposteria
dihidroxicetoantraceno-dihidroxiftalefenona-p-ftaleina-cz3w,"Fenolftaleina (dihidroxicetoantraceno, dihidroxiftalefenona, p-ftaleÃ­na)"
4bml,Cloradores
mnyv,Rotor
f0wq,Consultas
mncj,Menta
3pmq,Caramelo
bgpm,Herramentales
4yw0,Mandriladoras
h0qv,Albumes
47gl,Anforas
44ls,Desecantes
csjt,Loderas
b0dp,Faroles
bb1c,Lancetas
cmlt,Portablocks
hjrg,Petroleo
40f0,Trituracion
lgtv,Fluosilicato
bgmf,Microcentrifugas
44zr,Sandia
4zr7,Cubreobjetos
17vp,Curvadoras
mmxq,Esterilizador
mm7h,Coque
mny7,Rotula
b8rs,Bombillas
de-sodio-44v0,Perborato de sodio
dz1n,Lenceria
47gh,Decorado
43ql,Cedro
bx7n,Sacabocados
bm4s,Cazos
3r4s,Rosas
b1lp,Microtubos
1gvz,Buceo
44tg,Lentejas
33wh,Silicio
mnqd,Breas
4zt0,Dosimetros
4c4p,Enturbiantes
2-sulfanilamidopirimidina-sulfapiridina-sulfapirina-dbj3,"Sulfadiazina (2 sulfanilamidopirimidina, sulfapiridina, sulfapirina)"
bjql,Desconectadores
hjy0,Vulcanizacion
fhb8,Jersey
8hp3,Ibuprofeno
43mx,Bacalao
478l,Botellones
fw3c,Colgadores
mmxh,Escobilla
gcv1,Acelerador
clp8,Certificados
gbyt,Manguitos
bwsf,Fibroscopios
b43s,Kanamicina
c41n,Lazos
h3md,Forceps
bolso-1sxj,Porta bolso
4dz1,Tabaco
3ysr,Colesterol
bn1c,Raspadores
clsn,Envarillado
48my,Ostiones
mnyt,Repuesto
mn1f,Tioglicolato
1cn1,Electroterapia
blyx,Impactometros
4prq,Zancos
banos-g00y,Termo baños
3dl1,Guirnaldas
3hps,Macanas
bjrg,Rebajadoras
j3cl,Barbacoa
4xj1,Calandrias
f7ll,Educacion
cv4d,Lamicoid
mm7d,Congeladas
bnbf,Navecillas
4mry,Importaciones
4mrl,Mensajeria
c0ls,Gps
mnhy,Tarima
mmxt,Exhibidor
g3wr,Geles
43nw,Fumigadores
fvth,Criba
40ph,Carpinteria
40hg,Bovedillas
c0rt,Fiestas
cqqg,Polietilenos
clp1,Carteles
fxfy,Boilers
csgq,Butanol
mnq8,Chatarra
4y0h,Aflojatodo
naturistas-4gl4,Productos naturistas
b47q,Tensiometros
loggers-3fhw,Data loggers
bzyv,Cordeles
mn7z,Fructosa
4byv,Nipazol
4r1l,Celofan
clg4,Lapiceras
g18x,Desoxidante
hyl3,Germicida
4twm,Evaporadoras
mmh3,Alberca
fb1v,Blindajes
mmrs,Camion
hlqs,Hexanos
bddc,Cianocobalamina
de-seguridad-btzg,Productos de seguridad
b48h,Osciloscopios
4lxq,Silicatos
up-pouche-3nsj,Stand up pouche
blast-8mwx,Sand blast
d8q8,Amidas
4n0c,Vitrales
mnht,Supersacos
mn1c,Tensoactivo
4xvm,Frigorificos
mmnv,Asador
4sdy,Neopreno
4c8h,Encapsuladoras
mnh3,Semiconductores
mngg,Saco
ddht,Litargirio
gvfp,Fundente
bpbj,Desbrozadoras
4fwr,Antracita
48rz,Despensas
bsg1,Radiocontroles
b1cl,Orejeras
documentos-3h7q,Porta documentos
dspd,Microbiologia
b003,Hamacas
d4rr,Poliacrilamida
de-amonio-bicromato-de-amonio-cyq1,Dicromato de amonio (bicromato de amonio)
3qnd,Buzones
4swt,Emplayado
hmsg,Foliadoras
4gnc,Lavalozas
dpd4,Dimeticona
bnf0,Fermentadores
cljj,Cutters
dj7c,Ranitidina
sulfoxido-fl0q,Dimetil sulfoxido
dzry,Bufandas
4fjd,Romero
bldy,Peceras
dcg3,Antimicoticos
4byr,Embutidoras
mmq4,Brocal
mmv4,Dextrina
de-potasio-cz3y,Ferricianuro de potasio
mncb,Mantecas
dmdn,Decapantes
fw3h,Departamento
dzqn,Agujetas
4vfb,Ciclones
1bly,Damiana
de-sodio-4d8l,Diacetato de sodio
dhbc,Pulimentos
mm7j,Corchos
4qjn,Poda
f0ty,Procaina
1hz8,Calabazas
gjp4,Cigarreras
mnv4,Jarra
4nxr,Lajas
dcmq,Descarbonizantes
4gwl,Picolinato
fcq8,Rompedores
mn7q,Directorio
h4ww,Masillas
bs0p,Metalizados
mnbd,Keratina
mnc7,Naftalen
b8sh,Abrelatas
fy7z,Hormas
dlsl,Oxidantes
clzb,Portatrajes
dbjl,Sulfametoxazol
mnqn,Consola
bb83,Orinales
cynf,Desniqueladores
dq83,Kollidon
dxxf,Poliureas
mmwd,Enderezadores
g40b,Piñatas
o-fenantrolina-bc4n,Fenantrolina (o-fenantrolina)
mnyl,Pavo
4xzv,Petrolizadoras
1pdl,Bovedas
mn3v,Papelera
didacticos-cmgx,Productos didacticos
dzr7,Mancuernas
gsrq,Metaleros
cpny,Subastas
1b7n,Incienso
43zq,Azafran
bgl1,Explosimetros
1dn8,Caladoras
bc8g,Biberones
4n7v,Murales
dq80,Rutina
4z4q,Machetes
4d7c,Sidra
gmxd,Arnica
4nby,Aviones
g4h7,Acopio
mmtd,Cercha
34mx,Paliacates
cream-dhl4,Cold cream
44tq,Malta
1zhy,Maceteros
dzgg,Cuellos
dcg0,Ferrosilicio
br07,Masas
brd0,Trincheras
cxfr,Alquidales
bbll,Ligaduras
mm0y,Azules
mmsn,Cangrejo
4tc3,Canicas
b3ds,Alabes
3bzr,Deflectores
4lx3,Pato
mn7v,Entrepaño
ctbw,Multifilamento
4047,Ornamentos
cxy1,Carriers
l-ornitina-bdnh,Ornitina (l-ornitina)
fp8b,Perfumeros
ftc7,Particulas
jf0q,Odorizantes
4c7x,Capeadores
jhsn,Jocoque
mmh8,Balon
bryb,Compresometros
dqn4,Fenilendiamina
3dgf,Superconductores
cb7c,Rumbas
mmhf,Alcoholato
j1m8,Herraduras
4xqm,Desobrecalentadores
dddw,Salicilamida
de-potasio-d148,Fulvato de potasio
f7x3,Cuernos
mny0,Picolina
4mrx,Exportaciones
mnch,Maquinarias
cdhm,Consultorias
mm78,Cortina
gfqf,Ruteadores
40ln,Tablaroca
3xzx,Estructura
blpr,Caudalimetros
3xzw,Ducto
41h1,Osmosis
mn1b,Telefono
cmnd,Fax
bnyr,Impresores
glicol-bbz4,Propilen glicol
br3j,Clutches
mn1n,Ventana
de-control-de-motores-fc7w,Centro de control de motores
f3l4,Farmacos
cjq7,Tampografia
mmpq,Bateria
f84z,Antioxidante
bqlg,Torneado
4cvx,O'rings
mmhn,Barandal
347b,Botines
mmxj,Escoltas
fc44,Recibos
limoneno-dgqt,D-limoneno
4wpw,Foil
4jcw,Potabilizacion
gr1y,Barandillas
g4xy,Carpa
bqlf,Fresado
3lxn,Diablitos
4cqn,Mariscos
glucosa-azucar-de-maiz-dextrosa-dmvd,"D-glucosa (azÃºcar de maiz, dextrosa)"
4mwq,Autobuses
mms3,Canaleta
3pcj,Forjas
c0zz,Amenidades
31n8,Lavavajillas
4tlv,Unicel
bzyx,Maquillajes
4mdd,Embarques
4frs,Rebanadores
b7wh,Cubrezapatos
bbpt,Voltimetros
gcb4,Piston
organicos-4jbd,Productos organicos
dzlq,Edredones
4nrd,Letrinas
b0mv,Parabrisas
bvzw,Electroerosion
biodegradables-dxzc,Productos biodegradables
mn1h,Tortilla
4gfx,Panaderia
4ps8,Aulas
1gtr,Biodigestores
bfp8,Electrobombas
f7h0,Manteletas
4dfq,Duraznos
cl1p,Foliadores
48dt,Legumbres
4ftn,Etileno
cnhn,Ventas
g3rt,Balcones
fpjz,Tombolas
bdjb,Titanio
br81,Borradores
mmzd,Grabacion
4hrm,Ron
cnbt,Inventarios
mmx3,Escalerilla
4c1n,Ordeñadoras
4r7f,Perforado
fructosa-4d4c,Alta fructosa
plasticos-csyd,Materiales plasticos
4hdv,Embolsado
mmsf,Canastilla
d-t-a-disodico-trisodico-y-tetrasodico-dwtj,"E.d.t.a. (disodico, trisodico y tetrasodico)"
mmvj,Eje
d3hq,Explosivos
b34q,Motovariadores
bfq0,Cabestrillo
de-suero-de-leche-jvp0,Proteina de suero de leche
3xz7,Desmantelamientos
4szp,Pomaderas
3vf4,Calzadores
4fbg,Cebada
4pmr,Cubrecantos
431b,Encajonadoras
43zt,Hinojo
4prc,Lechadas
gc1y,Encajes
crpx,Fluoritas
4bdh,Manzanas
bzvz,Multiplexores
h4gt,Parabuses
dcly,Antibacterianos
dnfv,Engrasantes
48hh,Cerillos
fbxg,Delineadores
4brf,Loteadoras
clyd,Neceser
dl0p,Echinacea
cz41,Esterilizantes
dzh8,Cobijas
4q4s,Parquet
4jbj,Budineras
3d8v,Antifaces
4zry,Cupferron
ggsf,Licoreras
bf4x,Machueladores
3v0m,Curitas
lentes-f38q,Porta lentes
dldl,Fenilbutazona
4b3b,Avellanas
d1sr,Deodorizantes
40xh,Desbastado
d7l7,Murexida
4pnt,Rodapies
f8mn,Yardas
mn7t,Elote
c1m1,Rastros
bbcd,Hematoxilina
4rct,Limpiadoras
dqfs,Valeriana
bbbh,Electroforesis
41gd,Elotes
bhz4,Formadores
cxnj,Bacitracina
34lr,Baloneras
bdn1,Maltosa
dhmq,Nimesulida
dbcp,Rodamina
b0gx,Rastras
3gfp,Rotadores
1ltt,Desengrases
4lsz,Ligadores
bv4n,Micronebulizadores
347j,Ortesis
48m1,Almejas
bztz,Jarrones
4wjw,Cajitas
41hd,Ejotes
4tx8,Baldes
1bmf,Gordolobo
dlbc,Lansoprazol
gfpb,Bobinadoras
j07d,Hilazas
mnfx,Raices
fxhr,Manivelas
fzbr,Carruseles
4tzc,Sandwichero
dytc,Colina
dhhg,Desemulsificantes
bcbw,Alargaderas
dzpb,Leotardos
4tmw,Ordenadoras
tolidina-dccy,Orto tolidina
mmhp,Barnizadoras
mnqh,Castañas
dfzm,Furaltadona
43xt,Mantecadas
4nsh,Minas
bv0f,Bombillos
mnqg,Briquetas
bpdl,Eductores
byww,Odometros
4c0n,Aguardiente
4cvr,Volquetes
fcns,Cupones
grv4,Jarcias
bthw,Pabilos
8ht1,Tetracaina
drjm,Defloculantes
mmm7,Balizamientos
1gxm,Canisters
frtp,Bodies
btl1,Electropulido
jpwp,Hidrogel
glicol-d37d,Neopentil glicol
de-pato-1zdb,Colas de pato
431c,Desencajonadoras
cm8q,Lenticular
jfnb,Molcajetes
8ccb,Fluidificantes
84rc,Lingoteras
gs0n,Depositadores
4pvf,Moldajes
jv0x,Espiaderos
fotoluminiscentes-874f,Productos fotoluminiscentes
gm3y,Rauteado
d7h4,Flucloxacilina
g3vf,Budin
mncc,Mantenimientos
c8bv,Offset
c470,Desarrolladores
cjml,Imprenta
pop-cjrs,Material pop
de-acero-b3dq,Productos de acero
mmvn,Empaquetadora
c3x8,Centrifugadoras
47wh,Cartones
mmhh,Alfombra
c0bt,Edecanes
8cgv,Ribbon
bj0g,Traficonos
f8qz,Solera
mmvg,Domo
mnf0,Pluma
mnh1,Silicona
4dvp,Acesulfame
4mlw,Coches
13l0,Multisplits
1jpy,Bisagra
h3gn,Petrolatos
dsd1,Condensacion
mmsx,Casco
mncq,Moldura
gcbc,Engrane
mmyw,Fruta
mnbq,Librero
mmx0,Esquinero
dnvp,Adelgazantes
retratos-c8nh,Porta retratos
cn3n,Turismo
4jb0,Manteleria
dzmp,Pants
44tc,Lecitinas
mn3w,Paraguas
mncv,Nieve
b1y8,Hidroneumaticos
mmys,Folder
medicos-drvp,Productos medicos
dz8m,Rompevientos
1wrb,Adoquin
c8xj,Portatarjetas
4syr,Codificado
fw1z,Castillos
acetilaminobenceno-cwny,Acetanilida (acetilaminobenceno)
40bl,Losacero
3jc0,Canalizaciones
mm7l,Costal
bsy3,Ortopedia
48fc,Perfumeria
dwsy,Fenoles
4nxj,Adocretos
compactos-cjjx,Discos compactos
4rfh,Cartulinas
djrp,Coadyuvantes
4vyh,Postales
4djv,Sorgo
pantotenato-de-calcio-acido-pantotenico-dl0m,D-pantotenato de calcio (acido pantoténico)
4cqw,Frituras
bbtp,Naproxen
menus-c8jc,Porta menus
mnh4,Salchicha
mmrm,Cacahuates
cnzt,Electronica
b4fm,Levamizol
bxjt,Mandrinadoras
d4fr,Nacarantes
mnyr,Psyllium
dg1w,Pesticidas
48mq,Calamar
acetico-44gh,Anhidrido acetico
d0wy,Elastina
industriales-bscv,Productos industriales
mmtq,Cojin
gf4h,Hojalateria
411j,Piñas
3v7p,Firewall
dhfn,Aciclovir
bmby,Alcantarillado
47sh,Blisteadoras
h30z,Muñequeras
40sb,Departamentos
gdr8,Pollos
de-ruptura-bczf,Discos de ruptura
4cqq,Naranjas
acido-nicotinico-acido-3-piridincarboxilico-d4gp,"Niacina (acido nicotÃ­nico, acido 3-piridincarboxÃ­lico)"
rollos-g0y7,Porta rollos
bndf,Labiales
cncj,Riesgos
mnqm,Colchoneta
mmhm,Banderin
hldw,Grabaciones
d4rq,Poliacrilatos
djlw,Ketorolaco
czsm,Inoculantes
cxlj,Arsenico
488x,Cafeterias
bcy0,Horometros
bmnb,Rotomoldeo
gp00,Abrigos
bhbl,Microcontroladores
cxph,Benzocaina
b41z,Naftaleno
8bxg,Astilladoras
de-pet-4780,Galon de pet
d10g,Itraconazol
bdgx,Rugosimetros
c87h,Encapsulados
fvpy,Higiene
botellas-31yp,Porta botellas
cddh,Espigueros
4jv7,Expectorantes
ecologicos-4h4d,Productos ecologicos
f8t8,Neveras
4pfb,Buros
3g10,Cabañas
hqdj,Zanjadoras
j334,Aireadores
4yrt,Enderezadoras
437t,Ralladores
bhlt,Electroductos
de-arroz-30nd,Proteina de arroz
de-pollo-1cly,Alitas de pollo
bdzn,Cuarzo
djgj,Microemulsiones
dpyc,Multivitaminico
3bff,Fachaletas
3y84,Bond
glicol-fp3q,Butilen glicol
cfsh,Cartoncillo
d3r0,Acetamida
de-acero-j1mf,Bolas de acero
4tw0,Petacas
3g8t,Boletines
dpbx,Decolorantes
11ft,Desbastadoras
dc84,Mastiques
tecnico-ggys,Asesoramiento tecnico
cd8w,Azadones
de-sodio-dchx,Borohidruro de sodio
fbqj,Granada
dz0t,Bikini
8b88,Holter
mnbh,Lata
cn04,Adiestramiento
8bwy,Boleadoras
dwms,Difenilcarbazona
htv8,Endoscopia
bp1y,Roldanas
bnvn,Bieldos
c8cs,Locucion
b-dpyj,Complejo b
3x8s,Cupulas
3jd1,Fermentadoras
11p3,Helicopteros
4dl1,Mamey
dmcb,Indigo
h43r,Multiconectores
cyqt,Dietilamina
cnhr,Eficiencia
d70m,Liofilizacion
c8lp,Manualidades
f0yg,Fluor
bw8v,Agarraderas
d8w8,Cefazolina
d7gw,Lanzoprazol
hmtr,Obleas
csj7,Pedales
bnq3,Tampones
3nvx,Yees
4zxm,Fenazopiridina
mnfl,Piritiona
h7y8,Rasquetas
g4hb,Sulfaguanidina
8b07,Calcinadores
dhxv,Cefotaxima
3sfd,Docetaxel
bbct,Galactosa
hr13,Calzador
3cww,Desengrasadores
de-papel-h47q,Productos de papel
d4w7,Propileno
dcjt,Cefadroxil
cycb,Ciclohexanol
bt14,Escobellones
3g4p,Ferrules
1qgb,Hidrociclones
fqnf,Bibeles
dnv0,Laxantes
dp7f,Ninhidrina
cnzs,Pianos
c3lz,Recibidores
fvsl,Remallados
3tq8,Salmonelicidas
c8jq,Sensibilizadores
gb7f,Arroceras
30ds,Caviar
b3tj,Electromalla
de-maiz-4h4j,Hojuelas de maiz
grdp,Xantatos
14wp,Accionadores
dlqg,Anticonceptivos
hb1n,Barquillos
gst8,Desenrrolladores
38qr,Embolos
mnb4,Jaretas
80c8,Caña
d1lz,Antiempañantes
mn78,Cuello
47g1,Decoradoras
mn4f,Hilaza
fltj,Orceina
34mg,Acojinamientos
43sp,Bugambilias
cbd1,Lijado
gfb8,Caballerizas
crng,Curativos
fjqy,Depiladores
3xwr,Descalcificantes
hpvx,Ratoneras
4szg,Bordeadoras
8h4j,Coaguladores
al-vacio-4jlj,Formado al vacio
dg3x,Polisacaridos
1fgj,Teledeteccion
dp8p,Acarreadores
10s8,Endoprotesis
mmx8,Escopolamina
hcy7,Guadañas
4zpv,Codeina
csrb,Polieterimida
j8sm,Desbasurador
fcdf,Alcalimetros
fvjm,Azaleas
flj4,Calceina
3wjt,Coccidiostatos
f7lj,Colegios
brvb,Compreseros
de-caucho-lx81,Hojuelas de caucho
jfm0,Microdebridador
4b3t,Nucleotidos
34l7,Raqueteras
jtnl,Rashguard
lj0m,Rulon
g318,Desplazadores
ggnj,Polieteres
mn7w,Fitato
d10v,Sandela
cslf,Banburies
etoxilado-8hr7,Polialquileter etoxilado
mn7n,Delcron
chqm,Estetoclips
ftml,Hobos
electrico-bfb0,Material electrico
3cy7,Molde
cnlj,Laptops
bqdy,Ferreteria
4p3c,Remodelaciones
brnt,Copiadora
c84z,Rotulado
3lv7,Cachucha
de-curacion-3hqf,Material de curacion
farmaceuticos-48p4,Productos farmaceuticos
gcpq,Fertilizante
csqn,Adelgazadores
escolares-c8gn,Articulos escolares
f33n,Comedor
cjlq,Facturas
4ns0,Pavimentacion
g81m,Xantano
glicol-dgc3,Polipropilen glicol
mnbp,Libro
cosmeticos-djvp,Productos cosmeticos
dm1m,Azucares
l4gt,Homogeneizadores
bhhf,Ozonizadores
b3th,Concertinas
mmxg,Escoba
b4d8,Inositol
d4ss,Politetrafluoretileno
fbd3,Bodega
grgp,Anaquel
f44n,Perfume
h3yf,Balastras
fn1q,Caseton
mncs,Muro
3l7s,Kangurera
mm7w,Desazolves
3y8b,Artes
bnyj,Floculadores
3l7r,Maleta
fz0z,Celulares
3pwx,Lectoras
de-aluminio-pac-dgbl,Policloruro de aluminio (pac)
b3pp,Electrodomesticos
d3jd,Talcos
4ht7,Mieles
gwqs,Leches
de-cultivo-gtd4,Medio de cultivo
mmzh,Grano
mmwy,Enzima
mm1n,Aguas
mmn7,Artesania
mmvm,Embutido
blr0,Botoneria
de-metal-bgy0,Productos de metal
3lv4,Kangureras
f3p8,Congelacion
4xxv,Jergas
mmnj,Zeolitas
mmzl,Helado
fyvt,Rotuladores
h4wq,Pescado
cnjp,Dulceria
mncp,Mingitorio
3yql,Bailarinas
mnb0,Libreta
dxlz,Dipropilenglicol
carnicos-f7dp,Productos carnicos
ghdf,Luxometro
g8m3,Animaciones
344t,Cortineria
fxrs,Exhibidoras
4yyc,Niquelado
laminados-by7n,Discos laminados
3zwz,Ferias
4dlb,Niacinamida
mnqb,Boya
4gxn,Jamaica
cnhv,Liderazgo
4bgp,Liofilizadoras
mmzc,Globo
4wdf,Aplaudidores
mn4l,Huevos
pantenol-d-pantotenil-alcohol-dh7q,D-pantenol (d-pantotenil alcohol)
dpxs,Limpiaparabrisas
mmzm,Herbolaria
d7bc,Ketoconazol
de-potasio-447c,Metabisulfito de potasio
4yhc,Turbocompresores
dghc,Fenogreco
dsfh,Polimerizacion
400r,Marmolinas
bdt1,Pavonado
4lv3,Ates
fg4x,Cautin
4fsd,Emulsificadores
clf0,Abacos
41nm,Espinacas
glucosamina-300c,D-glucosamina
d8vw,Azitromicina
dx08,Felpas
b4fp,Lincomicina
fb4g,Idiomas
decorativos-4nvj,Materiales decorativos
mmh0,Barnizado
h0zz,Crayolas
bsn0,Embaladoras
b4j4,Naftalina
fvhc,Barrenado
fwht,Celulosas
gcw7,Embotelladora
bnnp,Hidrolimpiadoras
desechables-ggcb,Productos desechables
biologicos-d0wl,Productos biologicos
dz1m,Frazadas
bfw1,Microfibras
g0vb,Distanciometros
dzsx,Felpa
de-importacion-cpjd,Permisos de importacion
b18y,Acrodiscos
de-destilacion-fdgm,Aparato de destilacion
de-maiz-gfml,Productos de maiz
grsj,Rebobinadores
ctxx,Alcanolamidas
fcwt,Licenciamiento
hbn7,Mezclilla
it-hshd,Post it
fjcd,Acolchados
mmrp,Calaveras
cn78,Franquicias
4gv3,Marquetas
mm7m,Cuarzos
de-fibra-fq7d,Discos de fibra
dzhy,Estambres
1dq3,Porcelanatos
41nx,Rabano
3zgw,Dehidroepiandrosterona
mn4h,Hincadoras
acido-p-isobutilhidratropico-czrl,Ibuprofen (acido p-isobutilhidratrÃ³pico)
d0wr,Antigripales
31ts,Capacillos
3g1v,Macetones
mmrq,Calomel
4zbw,Cobrizado
30mv,Keratinas
dx4d,Maltitol
filtrantes-b4gq,Materiales filtrantes
cgsw,Neumatica
dzp3,Calcetas
4r3c,Dehumidificadores
bz84,Masajeadores
3phq,Multivitaminas
431q,Picadoras
alfombra-4s3b,Bajo alfombra
cpyn,Citratos
cg0x,Lavapisos
religiosos-clm3,Articulos religiosos
mmr0,Cajon
4bnl,Descremadoras
33dn,Dulceros
fbpb,Gymnema
de-polietileno-b3cr,Productos de polietileno
fwbp,Xilen
ggrl,Cacerolas
gfd8,Delimitadores
43qx,Guanabana
31jh,Maracuya
cwn7,Sulfanilamida
de-azufre-4clx,Bioxido de azufre
ffvn,Bufeteros
fpjy,Capelos
4rst,Cubretrajes
48n8,Langosta
brzd,Maceteras
cl1m,Ajedrez
4xfn,Asbestos
c8sz,Interactivos
bmnd,Levas
4gy0,Malteadas
gn70,Naftas
animal-8g40,Proteina animal
41rc,Totopos
flyn,Agradecimientos
4nzx,Decorados
bsz4,Fisioterapia
fwsm,Junteador
mnc0,Microperlas
g44h,Posavasos
fbx3,Rimel
d1dq,Rodenticidas
43qb,Anticoagulantes
4cq3,Datiles
1jjy,Hidratantes
gg4l,Polimetacrilato
474q,Rallador
1rvp,Compostadoras
horneados-4cpl,Productos horneados
mmvh,Dona
4d78,Higos
bsdf,Incineracion
hwyl,Naipes
d34h,Oxitocina
fp30,Pañaleras
gfym,Acolchado
4bwm,Alginatos
4js4,Caldos
41yg,Depaletizadores
gfyn,Embalses
g3pc,Emulsionadores
44ts,Maltol
bjp3,Rastreadores
dgyh,Tioacetamida
fdbm,Acidimetros
d7gy,Cefalotina
dns3,Floxina
l1b4,Hamamelis
8hnl,Difenhidramina
hlqt,Keroseno
4tvn,Matamoscas
4vf4,Aerodeslizadores
fxdt,Electrolitos
3dwz,Henequen
bvcr,Poligrafos
bldx,Acuarios
bsfm,Acumuladoras
bhbj,Chips
fw3b,Colgador
4bnm,Desempacadoras
1l8z,Hidracina
de-control-chvt,Productos de control
ch1c,Ranuradores
bpc7,Vacio
d0xx,Abob
b8tf,Alcoholeras
jpv1,Amantadina
dc4b,Desencalantes
dg4m,Desespumantes
bzfw,Estabilizadoras
cz34,Fenilhidrazina
f7rq,Hips
b4l4,Paladio
4lmh,Abulon
d00d,Alcalinos
hsdd,Cebaderos
1xgs,Cefapirina
antiderrame-81nl,Charola antiderrame
3sxn,Dermolimpiadores
de-alambre-c4qs,Enderezado de alambre
dnc0,Imidazol
1zxw,Multiconductores
jflh,Musleras
83mm,Neotame
bb8s,Oxigenadores
bxr7,Perreras
h3py,Ropones
b4qf,Saponina
bpff,Canastos
4318,Cocinadores
gbrl,Ideas
10gl,Jets
fmw3,Lantano
fenantrolina-d7mc,Orto fenantrolina
dz0l,Pantaletas
1bnt,Ruibarbo
3nsb,Tendedoras
4l0z,Albondigas
b01f,Corazas
1jzd,Electroestimulacion
de-pet-8148,Hojuelas de pet
1vxf,Malanga
4yyh,Microfilmaciones
3bqq,Bencidina
jwtb,Factoraje
3gfd,Lensometros
flexibles-4vvg,Materiales flexibles
brlt,Obturadores
cs34,Pentaclorofenol
mecanicos-bp8j,Productos mecanicos
gdyg,Recubridores
d1lf,Rodio
dnvs,Alcali
j34j,Linezolid
jwl3,Malaxadoras
djrq,Mancozeb
ecologicos-j8xz,Materiales ecologicos
b48g,Osciladores
bm1r,Abrasimetros
4jl8,Desgasificadoras
cymn,Desgasificantes
bv4p,Electrocoaguladores
3yyd,Hidroxiapatita
jjnm,Hojueladoras
3rt3,Menudencias
ccmp,Rayadores
4jzc,Tartaletas
dpb0,Adyuvantes
4gj3,Cubreplatos
bqrf,Descansapies
jyzh,Esquinadoras
b7gj,Expulsores
j7sm,Gonadorelina
17fq,Mani
de-etilo-f48w,Monoestearato de etilo
hv48,Densificadores
1-fenil-3-pirazolidona-dg8w,Fenidona (1-fenil-3-pirazolidona)
1h84,Jabalinas
hmtm,Jicama
h0q4,Linimento
d7xt,Oxibutinina
d8sx,Pseudoefedrina
b4ql,Sensidiscos
cry4,Tripoli
3qp4,Alico
dpy7,Descongestionantes
b4fn,Licopodio
3qnh,Llamadores
drym,Microcapsulas
mnct,Muñeco
38gs,Pedaceria
gzhn,Reposets
cvrp,Abocardadoras
40vf,Cabeceros
jdcz,Cauterios
bwlj,Curetas
f0mq,Desempañantes
b4cw,Homatropina
mn4j,Hormadores
dfhn,Kerosina
31cz,Laparoscopios
48wg,Marquesas
bjcq,Martinetes
sensorial-h00b,Material sensorial
hn10,Papeletas
fsl4,Rotatorios
1nrf,Lignito
dfzz,Liquidambar
8j7r,Maduramicina
8g4b,Nanocompuesto
termal-f0mm,Oxidante termal
43sm,Viveros
byvh,Gurbias
hqws,Hiosciamina
bnw0,Hoces
8fzz,Nanoarcilla
b4jb,Narcoticos
3mtz,Nicles
307s,Rubor
c7zz,Vitriflon
cicloserina-3zgp,D-cicloserina
mmy0,Firmadoras
dgsf,Galaxolide
f73w,Mantequilleros
cqmv,Oleatos
hx3w,Acortadores
148h,Hiladoras
g0fh,Masetas
cqmx,Oxalatos
dq88,Poliplasdone
cb3z,Alambiques
3ynf,Cobertizos
acondicionados-c1mf,Aires acondicionados
de-acero-hn80,Articulos de acero
4g8v,Agroquimicos
fwwr,Cafes
stamping-cm4y,Hot stamping
fh4q,Camiseta
dl83,Boratos
audiovisual-cjrc,Produccion audiovisual
40pf,Albañileria
14j3,Canasol
y-bares-43p8,Restaurantes y bares
hylc,Antiadherente
48jw,Limones
dznv,Maquiladores
de-computo-fblm,Centro de computo
cpf3,Florerias
ddfh,Nitratos
fw3w,Exhibipanel
344h,Antibacterial
dmfy,Antiacidos
de-poliestireno-47rh,Perla de poliestireno
mmxf,Escapes
g3f4,Ajenjo
40yl,Bambu
ftalico-d00x,Anhidro ftalico
ghy7,Nachos
4tbn,Marbetes
automaticos-cnvf,Cajeros automaticos
13485-3p4g,Iso 13485
a-chorro-hc7g,Equipos a chorro
dm1p,Ketamina
bxjv,Limadoras
hmfp,Preciadores
mmhj,Balizamiento
83dd,Ciclopentasiloxano
mmtp,Clorofilina
gqy3,Orquideas
a-base-de-silicon-8tyg,Productos a base de silicon
sodico-dm1q,Pentobarbital sodico
de-cerdo-4hfc,Cueritos de cerdo
1jy7,Percutor
de-articulos-de-papeleria-jyyw,Fabrica de articulos de papeleria
hxdn,Mojoneras
mncx,Muñecas
mm1h,Accesorio
mmnc,Aluminios
mm1p,Alimento
mmnt,Aromatizante
mmns,Arnes
mmpb,Barredora
mm0z,Balata
mm0v,Atomizador
mm0w,Azufres
mmmx,Aluminosilicato
mm10,Alcantarilla
mmmz,Amida
mm0t,Asiento
mmnb,Anodo
mmnx,Asbesto
mmnr,Antifaz
mmmy,Amarillos
mmn4,Anhidrido
mmmw,Aluminato
mmmv,Alquitran
